identifier	phylum	order	family	genus	canonical_name	sequence
ETKII1356-13	Arthropoda	Orthoptera	Lentulidae		Lentulidae	AATTTTATATTTTATCTTCGGGGCATGAGCAGGAATAGTAGGTACATCAATAAGAATAATTATTCGTGCTGAACTTGGACAACCAGGGTCAATAATTGGAAACGATCAAATCTATAATGTTGTAATTACATCTCATGCATTTGTAATAATCTTCTTTATAGTTATACCTATTATAATTGGAGGATTTGGTAATTGACTAGTACCATTAATAATTGGAGCTCCAGATATAGCATTCCCACGAATAAATAACATAAGATTTTGATTATTACCTCCATCATTAACATTATTAATAATTTCATCTATTGTGGATAATGGAGTAGGTACAGGATGAACAGTTTATCCCCCCCTTTCTAGAACTATTGCTCATAGAGGAGGAGCAGTAGATTTAGCTATTTTTTCACTTCACTTAGCAGGAGTATCATCTATTTTAGGTGCAGTTAATTTCATTACAACATCAATCAATATACGATCAGAAAGAATAAGTCTTGACCAAACCCCATTATTTGTATGATCAGTAGCAATTACTGCATTACTTTTACTTTTATCATTACCAGTTCTTGCAGGAGCAATTACTATATTATTAACAGACCGGAATATTAATACATCATTCTTTGATCCTGCAGGAGGTGGAGATCCAATTCTTTATCAACACTTGTTT
ETKII1409-13	Arthropoda	Orthoptera	Lentulidae		Lentulidae	AATTTTATATTTTATCTTCGGGGCATGAGCAGGAATAGTAGGTACATCAATAAGAATAATTATTCGTGCTGAACTTGGACAACCAGGATCAATAATTGGAAACGATCAAATCTATAATGTCGTAATCACATCTCATGCATTTGTAATAATTTTCTTTATAGTTATACCTATTATAATTGGAGGATTTGGTAATTGACTAGTACCATTAATAATCGGAGCTCCGGATATAGCATTCCCACGAATAAATAACATAAGATTTTGATTATTACCTCCATCATTAACATTATTAATAATTTCATCTATTGTGGATAATGGAGTAGGTACAGGATGAACAGTTTATCCCCCCCTTTCTAGAACTATTGCTCATAGAGGAGGAGCAGTAGATTTAGCTATTTTTTCACTTCATTTAGCAGGAGTATCATCTATTTTAGGTGCAGTTAATTTCATTACAACATCAATCAATATACGATCAGAAAGAATAAGTCTTGATCAAACCCCATTATTTGTATGATCAGTAGCAATTACTGCATTACTTTTACTTTTATCATTACCAGTTCTTGCAGGAGCAATTACTATATTATTAACAGATCGGAATATTAATACATCATTCTTTGATCCTGCAGGAGGTGGAGATCCAATTCTTTATCAACACTTGTTT
ETKII1567-13	Arthropoda	Orthoptera	Lentulidae		Lentulidae	AATTTTATATTTTATCTTCGGGGCATGAGCAGGAATAGTAGGTACATCAATAAGAATAATTATTCGTGCTGAACTTGGACAACCAGGGTCAATAATTGGAAACGATCAAATCTATAATGTTGTAATTACATCTCATGCATTTGTAATAATCTTCTTTATAGTTATACCTATTATAATTGGAGGATTTGGTAATTGACTAGTACCATTAATAATTGGAGCTCCAGATATAGCATTCCCACGAATAAATAACATAAGATTTTGATTATTACCTCCATCATTAACATTATTAATAATTTCATCTATTGTGGATAATGGAGTAGGTACAGGATGAACAGTTTATCCCCCCCTTTCTAGAACTATTGCTCATAGAGGAGGAGCAGTAGATTTAGCTATTTTTTCACTTCACTTAGCAGGAGTATCATCTATTTTAGGTGCAGTTAATTTCATTACAACATCAATCAATATACGATCAGAAAGAATAAGTCTTGACCAAACCCCATTATTTGTATGATCAGTAGCAATTACTGCATTACTTTTACTTTTATCATTACCAGTTCTTGCAGGAGCAATTACTATATTATTAACAGACCGGAATATTAATACATCATTCTTTGATCCTGCAGGAGGTGGAGATCCAATTCTTTATCAACACTTGTTT
ETKII1570-13	Arthropoda	Orthoptera	Lentulidae		Lentulidae	AATTTTATATTTTATCTTCGGGGCATGAGCAGGAATAGTAGGTACATCAATAAGAATAATTATTCGTGCTGAACTTGGACAACCAGGGTCAATAATTGGAAACGATCAAATCTATAATGTTGTAATTACATCTCATGCATTTGTAATAATCTTCTTTATAGTTATACCTATTATAATTGGAGGATTTGGTAATTGACTAGTACCATTAATAATTGGAGCTCCAGATATAGCATTCCCACGAATAAATAACATAAGATTTTGATTATTACCTCCATCATTAACATTATTAATAATTTCATCTATTGTGGATAATGGAGTAGGTACAGGATGAACAGTTTATCCCCCCCTTTCTAGAACTATTGCTCATAGAGGAGGAGCAGTAGATTTAGCTATTTTTTCACTTCACTTAGCAGGAGTATCATCTATTTTAGGTGCAGTTAATTTCATTACAACATCAATCAATATACGATCAGAAAGAATAAGTCTTGACCAAACCCCATTATTTGTATGATCAGTAGCAATTACTGCATTACTTTTACTTTTATCATTACCAGTTCTTGCAGGAGCAATTACTATATTATTAACAGACCGGAATATTAATACATCATTCTTTGATCCTGCAGGAGGTGGAGATCCAATTCTTTATCAACACTTGTTT
ETKII1805-13	Arthropoda	Orthoptera	Lentulidae		Lentulidae	AATTTTATATTTTATCTTCGGGGCATGAGCAGGAATAGTAGGTACATCAATAAGAATAATTATTCGTGCTGAACTTGGACAACCAGGGTCAATAATTGGAAACGATCAAATCTATAATGTTGTAATTACATCTCATGCATTTGTAATAATCTTCTTTATAGTTATACCTATTATAATTGGAGGATTTGGTAATTGACTAGTACCATTAATAATTGGAGCTCCAGATATAGCATTCCCACGAATAAATAACATAAGATTTTGATTATTACCTCCATCATTAACATTATTAATAATTTCATCTATTGTGGATAATGGAGTAGGTACAGGATGAACAGTTTATCCCCCCCTTTCTAGAACTATTGCTCATAGAGGAGGAGCAGTAGATTTAGCTATTTTTTCACTTCACTTAGCAGGAGTATCATCTATTTTAGGTGCAGTTAATTTCATTACAACATCAATCAATATACGATCAGAAAGAATAAGTCTTGACCAAACCCCATTATTTGTATGATCAGTAGCAATTACTGCATTACTTTTACTTTTATCATTACCAGTTCTTGCAGGAGCAATTACTATATTATTAACAGACCGGAATATTAATACATCATTCTTTGATCCTGCAGGAGGTGGAGATCCAATTCTTTATCAACACTTGTTT
ETKII1937-13	Arthropoda	Orthoptera	Lentulidae		Lentulidae	AATTTTATATTTTATCTTCGGGGCATGAGCAGGAATAGTAGGTACATCAATAAGAATAATTATTCGTGCTGAACTTGGACAACCAGGGTCAATAATTGGAAACGATCAAATCTATAATGTTGTAATTACATCTCATGCATTTGTAATAATCTTCTTTATAGTTATACCTATTATAATTGGAGGATTTGGTAATTGACTAGTACCATTAATAATTGGAGCTCCAGATATAGCATTCCCACGAATAAATAACATAAGATTTTGATTATTACCTCCATCATTAACATTATTAATAATTTCATCTATTGTGGATAATGGAGTAGGTACAGGATGAACAGTTTATCCCCCCCTTTCTAGAACTATTGCTCATAGAGGAGGAGCAGTAGATTTAGCTATTTTTTCACTTCACTTAGCAGGAGTATCATCTATTTTAGGTGCAGTTAATTTCATTACAACATCAATCAATATACGATCAGAAAGAATAAGTCTTGACCAAACCCCATTATTTGTATGATCAGTAGCAATTACTGCATTACTTTTACTTTTATCATTACCAGTTCTTGCAGGAGCAATTACTATATTATTAACAGACCGGAATATTAATACATCATTCTTTGATCCTGCAGGAGGTGGAGATCCAATTCTTTATCAACACTTGTTT
ETKII1938-13	Arthropoda	Orthoptera	Lentulidae		Lentulidae	AATTTTATATTTTATCTTCGGGGCATGAGCAGGAATAGTAGGTACATCAATAAGAATAATTATTCGTGCTGAACTTGGACAACCAGGGTCAATAATTGGAAACGATCAAATCTATAATGTTGTAATTACATCTCATGCATTTGTAATAATCTTCTTTATAGTTATACCTATTATAATTGGAGGATTTGGTAATTGACTAGTACCATTAATAATTGGAGCTCCAGATATAGCATTCCCACGAATAAATAACATAAGATTTTGATTATTACCTCCATCATTAACATTATTAATAATTTCATCTATTGTGGATAATGGAGTAGGTACAGGATGAACAGTTTATCCCCCCCTTTCTAGAACTATTGCTCATAGAGGAGGAGCAGTAGATTTAGCTATTTTTTCACTTCACTTAGCAGGAGTATCATCTATTTTAGGTGCAGTTAATTTCATTACAACATCAATCAATATACGATCAGAAAGAATAAGTCTTGACCAAACCCCATTATTTGTATGATCAGTAGCAATTACTGCATTACTTTTACTTTTATCATTACCAGTTCTTGCAGGAGCAATTACTATATTATTAACAGACCGGAATATTAATACATCATTCTTTGATCCTGCAGGAGGTGGAGATCCAATTCTTTATCAACACTTGTTT
ETKII1939-13	Arthropoda	Orthoptera	Lentulidae		Lentulidae	AATTTTATATTTTATCTTCGGGGCATGAGCAGGAATAGTAGGTACATCAATAAGAATAATTATTCGTGCTGAACTTGGACAACCAGGGTCAATAATTGGAAACGATCAAATCTATAATGTTGTAATTACATCTCATGCATTTGTAATAATCTTCTTTATAGTTATACCTATTATAATTGGAGGATTTGGTAATTGACTAGTACCATTAATAATTGGAGCTCCAGATATAGCATTCCCACGAATAAATAACATAAGATTTTGATTATTACCTCCATCATTAACATTATTAATAATTTCATCTATTGTGGATAATGGAGTAGGTACAGGATGAACAGTTTATCCCCCCCTTTCTAGAACTATTGCTCATAGAGGAGGAGCAGTAGATTTAGCTATTTTTTCACTTCACTTAGCAGGAGTATCATCTATTTTAGGTGCAGTTAATTTCATTACAACATCAATCAATATACGATCAGAAAGAATAAGTCTTGACCAAACCCCATTATTTGTATGATCAGTAGCAATTACTGCATTACTTTTACTTTTATCATTACCAGTTCTTGCAGGAGCAATTACTATATTATTAACAGACCGGAATATTAATACATCATTCTTTGATCCTGCAGGAGGTGGAGATCCAATTCTTTATCAACACTTGTTT
ETKII1940-13	Arthropoda	Orthoptera	Lentulidae		Lentulidae	AATTTTATATTTTATCTTCGGGGCATGAGCAGGAATAGTAGGTACATCAATAAGAATAATTATTCGTGCTGAACTTGGACAACCAGGGTCAATAATTGGAAACGATCAAATCTATAATGTTGTAATTACATCTCATGCATTTGTAATAATCTTCTTTATAGTTATACCTATTATAATTGGAGGATTTGGTAATTGACTAGTACCATTAATAATTGGAGCTCCAGATATAGCATTCCCACGAATAAATAACATAAGATTTTGATTATTACCTCCATCATTAACATTATTAATAATTTCATCTATTGTGGATAATGGAGTAGGTACAGGATGAACAGTTTATCCCCCCCTTTCTAGAACTATTGCTCATAGAGGAGGAGCAGTAGATTTAGCTATTTTTTCACTTCACTTAGCAGGAGTTTCATCTATTTTAGGTGCAGTTAATTTCATTACAACATCAATCAATATACGATCAGAAAGAATAAGTCTTGATCAAACCCCATTATTTGTATGATCAGTAGCAATTACTGCATTACTTTTACTTTTATCATTACCAGTTCTTGCAGGAGCAATTACTATATTATTAACAGACCGGAATATTAATACATCATTCTTTGATCCTGCAGGAGGTGGAGATCCAATTCTTTATCAACACTTGTTT
ETKII1941-13	Arthropoda	Orthoptera	Lentulidae		Lentulidae	AATTTTATATTTTATCTTCGGGGCATGAGCAGGAATAGTAGGTACATCAATAAGAATAATTATTCGTGCTGAACTTGGACAACCAGGGTCAATAATTGGAAACGATCAAATCTATAATGTTGTAATTACATCTCATGCATTTGTAATAATCTTCTTTATAGTTATACCTATTATAATTGGAGGATTTGGTAATTGACTAGTACCATTAATAATTGGAGCTCCAGATATAGCATTCCCACGAATAAATAACATAAGATTTTGATTATTACCTCCATCATTAACATTATTAATAATTTCATCTATTGTGGATAATGGAGTAGGTACAGGATGAACAGTTTATCCCCCCCTTTCTAGAACTATTGCTCATAGAGGAGGAGCAGTAGATTTAGCTATTTTTTCACTTCACTTAGCAGGAGTATCATCTATTTTAGGTGCAGTTAATTTCATTACAACATCAATCAATATACGATCAGAAAGAATAAGTCTTGACCAAACCCCATTATTTGTATGATCAGTAGCAATTACTGCATTACTTTTACTTTTATCATTACCAGTTCTTGCAGGAGCAATTACTATATTATTAACAGACCGGAATATTAATACATCATTCTTTGATCCTGCAGGAGGTGGAGATCCAATTCTTTATCAACACTTGTTT
ETKII1986-13	Arthropoda	Orthoptera	Lentulidae		Lentulidae	AATTTTATATTTTATCTTCGGGGCATGAGCAGGAATAGTAGGTACATCAATAAGAATAATTATTCGTGCTGAACTTGGACAACCAGGGTCAATAATTGGAAACGATCAAATCTATAATGTTGTAATTACATCTCATGCATTTGTAATAATCTTCTTTATAGTTATACCTATTATAATTGGAGGATTTGGTAATTGACTAGTACCATTAATAATTGGAGCTCCAGATATAGCATTCCCACGAATAAATAACATAAGATTTTGATTATTACCTCCATCATTAACATTATTAATAATTTCATCTATTGTGGATAATGGAGTAGGTACAGGATGAACAGTTTATCCCCCCCTTTCTAGAACTATTGCTCATAGAGGAGGAGCAGTAGATTTAGCTATTTTTTCACTTCACTTAGCAGGAGTATCATCTATTTTAGGTGCAGTTAATTTCATTACAACATCAATCAATATACGATCAGAAAGAATAAGTCTTGACCAAACCCCATTATTTGTATGATCAGTAGCAATTACTGCATTACTTTTACTTTTATCATTACCAGTTCTTGCAGGAGCAATTACTATATTATTAACAGACCGGAATATTAATACATCATTCTTTGATCCTGCAGGAGGTGGAGATCCAATTCTTTATCAACACTTGTTT
GBA7837-12	Arthropoda	Orthoptera	Lentulidae	Lentula	Lentula	TATTTTATATTTCATCTTCGGGGCATGAGCAGGAATAGTAGGTACATCAATAAGAATAATTATTCGTGCTGAACTTGGACAACCAGGATCAATAATTGGAAACGATCAAATTTATAATGTTGTAATTACATCACATGCATTTGTAATAATTTTCTTTATAGTTATACCTATTATAATTGGAGGATTTGGTAATTGACTAGTACCATTAATAATTGGAGCTCCAGATATAGCATTTCCACGAATAAATAACATGAGATTTTGATTATTACCACCATCATTAACACTATTAATAATTTCATCTATTGTGGATAATGGAGTAGGTACAGGATGAACAGTTTATCCACCTCTTTCCAGAACTATTGCTCATAGAGGTGGAGCAGTAGATTTAGCTATTTTTTCACTTCACTTAGCAGGAGTATCATCTATTTTAGGAGCAGTTAATTTTATTACAACATCAATTAATATACGATCAGAAAGAATAAGTCTTGACCAAACCCCACTATTTGTATGATCAGTAGCAATTACTGCATTACTTTTACTATTATCACTACCAGTTCTTGCAGGAGCAATTACCATATTATTAACTGACCGAAATATTAATACATCATTTTTTGACCCTGCAGGAGGGGGAGACCCAATTCTTTATCAACATTTATTT
GBA7838-12	Arthropoda	Orthoptera	Lentulidae	Lentula	Lentula	TATTTTATATTTCATCTTCGGGGCATGAGCAGGAATAGTAGGTACATCAATAAGAATAATTATTCGTGCTGAACTTGGACAACCAGGATCAATAATTGGAAACGATCAAATTTATAATGTTGTAATTACATCACATGCATTTGTAATAATTTTCTTTATAGTTATACCTATTATAATTGGAGGATTTGGTAATTGACTAGTACCATTAATAATTGGAGCTCCAGATATAGCATTTCCACGAATAAATAACATGAGATTTTGATTATTACCACCATCATTAACACTATTAATAATTTCGTCTATTGTGGATAATGGAGTAGGTACAGGATGAACAGTTTATCCACCTCTTTCCAGAACTATTGCTCATAGAGGTGGAGCAGTAGATTTAGCTATTTTTTCACTTCACTTAGCAGGAGTATCATCTATTTTAGGAGCAGTTAATTTTATTACAACATCAATTAATATACGATCAGAAAGAATAAGTCTTGACCAAACCCCACTATTTGTATGATCAGTAGCAATTACTGCATTACTTTTACTATTATCACTACCAGTTCTTGCAGGAGCAATTACCATATTATTAACTGACCGAAATATTAATACATCATTTTTTGACCCTGCAGGAGGGGGAGACCCAATTCTTTATCAACATTTATTT
GBA7839-12	Arthropoda	Orthoptera	Lentulidae	Lentula	Lentula	TATTTTATATTTCATCTTCGGGGCATGAGCAGGAATAGTAGGTACATCAATAAGAATAATTATTCGTGCTGAACTTGGACAACCAGGATCAATAATTGGAAACGATCAAATTTATAATGTTGTAATTACATCACATGCATTTGTAATAATTTTCTTTATAGTTATACCTATTATAATTGGAGGATTTGGTAATTGACTAGTACCATTAATAATTGGAGCTCCAGATATAGCATTTCCACGAATAAATAACATGAGATTTTGATTATTACCACCATCATTAACACTATTAATAATTTCATCTATTGTGGATAATGGAGTAGGTACAGGATGAACAGTTTATCCACCTCTTTCCAGAACTATTGCTCATAGAGGCGGAGCAGTAGATTTAGCTATTTTTTCACTTCACTTAGCAGGAGTATCATCTATTTTAGGAGCAGTTAATTTTATTACAACATCAATTAATATACGATCAGAAAGAATAAGTCTTGACCAAACCCCACTATTTGTATGATCAGTAGCAATTACTGCATTACTTTTACTATTATCACTACCAGTTCTTGCAGGAGCAATTACCATATTATTAACTGACCGAAATATTAATACATCATTTTTTGACCCTGCAGGAGGGGGAGACCCAATTCTTTATCAACATTTATTT
GBA7840-12	Arthropoda	Orthoptera	Lentulidae	Lentula	Lentula	TATTTTATATTTCATCTTCGGGGCATGAGCAGGAATAGTAGGTACATCAATAAGAATGATTATTCGTGCTGAACTTGGACAACCAGGATCAATAATTGGAAACGATCAAATTTATAATGTTGTAATTACATCACATGCATTTGTAATAATTTTCTTTATAGTTATACCTATTATAATTGGAGGATTTGGTAATTGACTAGTACCATTAATAATTGGAGCTCCAGATATAGCATTTCCACGAATAAATAACATGAGATTTTGATTATTACCACCATCATTAACACTATTAATAATTTCATCTATTGTGGATAATGGAGTAGGTACAGGATGAACAGTTTATCCACCTCTTTCCAGAACTATTGCTCATAGAGGTGGAGCAGTAGATTTAGCTATTTTTTCACTTCACTTAGCAGGAGTATCATCTATTTTAGGAGCAGTTAATTTTATTACAACATCAATTAATATACGATCAGAAAGAATAAGTCTTGACCAAACCCCACTATTTGTATGATCAGTAGCAATTACTGCATTACTTTTACTATTATCACTACCAGTTCTTGCAGGAGCAATTACCATATTATTAACTGACCGAAATATTAATACATCATTTTTTGACCCTGCAGGAGGGGGAGACCCAATTCTTTATCAACATTTATTT
GBA7841-12	Arthropoda	Orthoptera	Lentulidae	Lentula	Lentula	TATTTTATATTTCATCTTCGGGGCATGAGCAGGAATAGTAGGTACATCAATAAGAATAATTATTCGTGCTGAACTTGGACAACCAGGATCAATAATTGGAAACGATCAAATTTATAATGTTGTAATTACATCACATGCATTTGTAATAATTTTCTTTATAGTTATACCTATTATAATTGGAGGATTTGGTAATTGACTAGTACCATTAATAATTGGAGCTCCAGATATAGCATTTCCACGAATAAATAACATGAGATTTTGATTATTACCACCATCATTAACACTATTAATAATTTCATCTATTGTGGATAACGGAGTAGGTACAGGATGAACAGTTTATCCACCTCTTTCCAGAACTATTGCTCATAGAGGTGGAGCAGTAGATTTAGCTATTTTTTCACTTCACTTAGCAGGAGTATCATCTATTTTAGGAGCAGTTAATTTTATTACAACATCAATTAATATACGATCAGAAAGAATAAGTCTTGACCAAACCCCACTATTTGTATGATCAGTAGCAATTACTGCATTACTTTTACTATTATCACTACCAGTTCTTGCAGGAGCAATTACCATATTATTAACTGACCGAAATATTAATACATCATTTTTTGACCCTGCAGGAGGGGGAGACCCAATTCTTTATCAACATTTATTT
GBMOR3096-19	Arthropoda	Orthoptera	Lentulidae	Lentula	Lentula	AACTTTATATTTTGGGCATGAGCAGGAATAGTAGGTACATCAATAAGAATAATTATCTGTGCCTAACTTGGACTACCAGGATCACTAATTTGGAACGACCAAATTTACAATGTTGTAATTACATCTCATGCATTTGTAATAATTTTCGTTATACTAAGACATATTATAATTGGGGGATTTGCTAATTGACTAGTAGCATTAATAATTGCAGTCCCAGATATAGCATTTCCACAGATAAATAATATAAGATTTTGATTTTTGCCCCCCACATTGACTTTATTAATAATCTCATCCATAGTAGATGATGGAGTAGGCACAGGGTGAACAGTTTATCCCCCACTATCCAGAACAATACCTATAGTGGTAGAGGCCTAGCTATCTTCTCACTCCATTTAGCAGGAGTATCTTCAATTTTAGGTGCAGTAAATTTTATTACCACATTAATTAATATGCGATCAGCATGTATGACTCTTGACCTGACCTCATTATTTGTATGATCGGTAGCAATTACTGCATTGCTTTTACTTTTATCATTACCAGTATTAGCAGGTACTAATACTATACCTCTAATCGACCGAAATACATCCTTCTTTGACACTGCAGAAGGAGGGGACCCAATTCATTATCAACATTTACTT
GBMOR3097-19	Arthropoda	Orthoptera	Lentulidae	Lentula	Lentula	TATTTTATATTTCATCTTCGGGGCATGAGCAGGAATAGTAGGTACATCAATAAGAATAATTATTCGTGCTGAACTTGGACAACCAGGATCAATAATTGGAAACGATCAAATTTATAATGTTGTAATTACATCACATGCATTTGTAATAATTTTCTTTATAGTTATACCTATTATAATTGGAGGATTTGGTAATTGACTAGTACCATTAATAATTGGAGCTCCAGATATAGCATTTCCACGAATAAATAACATGAGATTTTGATTATTACCACCATCATTAACACTATTAATAATTTCATCTATTGTGGATAATGGAGTAGGTACAGGATGAACAGTTTATCCACCTCTTTCCAGAACTATTGCTCATAGAGGTGGAGCAGTAGATTTAGCTATTTTTTCACTTCACTTAGCAGGAGTATCATCTATTTTAGGAACAGTTAATTTTATTACAACATCAATTAATATACGATCAGAAAGAATAAGTCTTGACCAAACCCCACTATTTGTATGATCAGTAGCAATTACTGCATTACTTTTACTATTATCACTACCAGTTCTTGCAGGAGCAATTACCATATTATTAACTGACCGAAATATTAATACATCATTTTTGACCCTGCAGGAGGGGGAGACCCAATTCTTTATCAACATTTATTT
GBMOR3098-19	Arthropoda	Orthoptera	Lentulidae	Lentula	Lentula	TATTTTATATTTCATCTTCGGGGCATGAGCAGGAATAGTAGGTACATCAATAAGAATAATTATTCGTGCTGAACTTGGACAACCAGGATCAATAATTGGAAACGATCAAATTTATAATGTTGTAATTACATCACATGCATTTGTAATAATTTTCTTTATAGTTATACCTATTATAATTGGAGGATTTGGTAATTGACTAGTACCATTAATAATTGGAGCTCCAGATATAGCATTTCCACGAATAAATAACATGAGATTTTGATTATTACCACCATCATTAACACTATTAATAATTTCATCTATTGTGGATAATGGAGTAGGTACAGGATGAACAGTTTGTCCACCTCTTTCCAGAACTATTGCTCATAGAGGTGGAGCAGTAGATTTAGCTATTTTTTCACTTCACTTAGCAAGAGTATCATCTATTTTAGGAGCAGTTAATTTTATTACAACATCAATTAATATACGATCAGAAAGAATAAGTCTTGACCAAACCCCACTATTTGTATGATCAGTAGCAATTACTGCATTACTTTTACTATTATCACTACCAGTTCTTGCAGGAGCAATTACCATATTATTAACTGACCGAAATATTAATACATCATTTTTTGACCCTGCAGGAGGGGGAGACCCAATTCTTTATCAACATTTATTT
GBMOR3099-19	Arthropoda	Orthoptera	Lentulidae	Lentula	Lentula	TATTTTATATTTCATCTTCGGGGCATGAGCAGGAATAGTAGGTACATCAATAAGAATAATTATTCGTGCTGAACTTGGACAACCAGGATCAATAATTGGAAACGATCAAATTTATAATGTTGTAATTACATCACATGCATTTGTAATAATTTTCTTTATAGTTATACCTATTATAATTGGAGGATTTGGTAATTGACTAGTACCATTAATAATTGGAGCTCCAGATATAGCATTTCCACGAATAAATAACATGAGATTTTGATTATTACCACCATCATTAACACTATTAATAATTTCATCTATTGTGGATAATGGAGTAGGTACAGGATGAACAGTTTATCCACCTCTTTCCAGAACTATTGCTCATAGAGGTGGAGCAGTAGATTTAGCTATTTTTTCACTTCACTTAGCAGGAGTATCATCTATTTTAGGAGCAGTTAATTTTATTACAACATCAATTAATATACGATCAGAAAGAATAAGTCTCGACCAAACCCCACTATTTGTATGATCAGTAGCAATTACTGCATTACTTTTACTATTATCACTACCAGTTCTTGCAGGAGCAATTACCATATTATTAACTGACCGAAATATTAATACATCATTTTTTGACCCTGCAGGAGGGGGAGACCCAATTCTTTATCAACATTTATTT
GBMOR3100-19	Arthropoda	Orthoptera	Lentulidae	Lentula	Lentula	TATTTTATATTTCATCTTCGGGGCATGAGCAGGAATAGTAGGTACATCAATAAGAATAATTATTCGTGCTGAACTTGGACAACCAGGATCAATAATTGGAAACGATCAAATTTATAATGTTGTAATTACATCACATGCATTTGTAATAATTTTCTTTATAGTTATACCTATTATAATTGGAGGATTTGGTAATTGACTAGTACCATTAATAATTGGAGCTCCAGATATAGCATTTCCACGAATAAATAACATGAGATTTTGATTATTACCACCATCATTAACACTATTAATAATTTCATCTATTGTGGATAATGGAGTAGGTACAGGATGAACAGTTTATCCACCTCTTTCCAGAACTATTGCTCATAGAGGTGGAGCAGTAGATTTAGCTATTTTTTCACTTTACTTAGCAGGAGTATCATCTATTTTAGGAGCAGTTAATTTTATTACAACATCAATTAATATACGATCAGAAAGAATAAGTCTTGACCAAACCCCACTATTTGTATGATCAGTAGCAATTACTGCATTACTTTTACTATTATCACTACCAGTTCTTGCAGGAGCAATTACCATATTATTAACTGACCGAAATATTAATACATCATTTTTTGACCCTGCAGGAGGGGGAGACCCAATTCTTTATCAACATTTATTT
GBMOR3101-19	Arthropoda	Orthoptera	Lentulidae	Lentula	Lentula	TATTTTATATTTCATCTTCGGGGCATGAGCAGGAATAGTAGGTACATCAATAAGAATAATTATTCGTGCTGAACTTGGACAACCAGGATCAATAATTGGAAACGATCAAATTTATAATGTTGTAATTACATCACATGCATTTGTAATAATTTTCTTTATAGTTATACCTATTATAATTGGAGGATTTGGTAATTGACTAGTACCATTAATAATTGGAGCTCCAGATATAGCATTTCCACGAATAGATAACATGAGATTTTGATTATTACCACCATCATTAACACTATTAATAATTTCATCTATTGTGGATAATGGAGTAGGTACAGGATGAACAGTTTATCCACCTCTTTCCAGAACTATTGCTCATAGAGGTGGAGCAGTAGATTTAGCTATTTTTTCACTTCACTTAGCAGGAGTATCATCTATTTTAGGAGCAGTTAATTTTATTACAACATCAATTAATATACGATCAGAAAGAATAAGTCTTGACCAAACCCCACTATTTGTATGATCAGTAGCAATTACTGCATTACTTTTACTATTATCACTACCAGTTCTTGCAGGAGCAATTACCATATTATTAACTGACCGAAATATTAATACATCATTTTTTGACCCTGCAGGAGGGGGAGACCCAATTCTTTATCAACATTTATTT
GBMOR3102-19	Arthropoda	Orthoptera	Lentulidae	Lentula	Lentula	TATTTTATATTTCATCTTCGGGGCATGAGCAGGAATAGTAGGTACATCAATAAGAATAATTATTCGTGCTGAACTTGGACAACCAGGATCAATAATTGGAAACGATCAAATTTATAATGTTGTAATTACATCACATGCATTTGTAATAATTTTCTTTATAGTTATACCTATTATAATTGGAGGATTTAGTAATTGACTAGTACCATTAATAATTGGAGCTCCAGATATAGCATTTCCACGAATAAATAACATGAGATTTTGATTATTACCACCATCATTAACACTATTAATAATTTCATCTATTGTGGATAATGGAGTAGGTACAGGATGAACAGTTTATCCACCTCTTTCCAGAACTATTGCTCATAGAGGTGGAGCAGTAGATTTAGCTATTTTTTCACTTCACTTAGCAGGAGTATCATCTATTTTAGGAGCAGTTAATTTTATTACAACATCAATTAATATACGATCAGAAAGAATAAGTCTTGACCAAACCCCACTATTTGTATGATCAGTAGCAATTACTGCATTACTTTTACTATTATCACTACCAGTTCTTGCAGGAGCAATTACCATATTATTAACTGACCGAAATATTAATACATCATTTTTTGACCCTGCAGGAGGGGGAGACCCAATTCTTTATCAACATTTATTT
GBMOR3103-19	Arthropoda	Orthoptera	Lentulidae	Lentula	Lentula	TATTTTATATTTCATCTTCGGGGCATGAGCAGGAATAGTAGGTACATCAATAAGAATAATTATTCGTGCTGAACTTGGACAACCAGGATCAATAATTGGAAACGATCAAATTTATAATGTTGTAATTACATCACATGCATTTGTAATAATTTTCTTTATAGTTATACCTATTATAATTGGAGGATTTGGTAATTGACCAGTACCATTAATAATTGGAGCTCCAGATATAGCATTTCCACGAATAAATAACATGAGATTTTGATTATTACCACCATCATTAACACTATTAATAATTTCATCTATTGTGGATAATGGAGTAAGTACAGGATGAACAGTTTATCCACCTCTTTCCAGAACTATTGCTCATAGAGGTGGAGCAGTAGATTTAGCTATTTTTTCACTTCACTTAGCAGGAGTATCATCTATTTTAGGAGCAGTTAATTTTATTACAACATCAATTAATATACGATCAGAAAGAATAAGTCTTGACCAAACCCCACTATTTGTATGATCAGTAGCAATTACTGCATTACTTTTACTATTATCACTACCAGTTCTTGCAGGAGCAATTACCATATTATTAACTGACCGAAATATTAATACATCATTTTTTGACCCTGCAGGAGGGGGAGACCCAATTCTTTATCAACATTTATTT
GBMOR3104-19	Arthropoda	Orthoptera	Lentulidae	Lentula	Lentula	TATTTTATATTTCATCTTCGGGGCATGAGCAGGAATAGTAGGTACATCAATAAGAATAATTATTCGTGCTGAACTTGGACAACCAGGATCAATAATTGGAAACGATCAAATTTATAATGTTGTAATTACATCACATGCATTTGTAATAATTTTCTTTATAGTTATACCTATTATAATTGGAGGATTTGGTAATTGACTAGTACCATTAATAATTGGAGCTCCAGATATAGCATTTCCACGAATAAATAACATGAGATTTTGATTATTACCACCATCATTAACACTATTAATAATTCCATCTATTGTGGATAATGGAGTAGGTACAGGATGAACAGTTTATCCACCTCTTTCCAGAACTATTGCTCATAGAGGTGGAGCAGTAGATTTAGCTATTTTTTCACTTCACTTAGCAGGAGTATCATCTATTTTAGGAGCAGTTAATTTTATTACAACATCAATTAATATACGATCAGAAAGAATAAGTCTTGACCAAACCCCACTATTTGTATGATCAGTAGCAATTACTGCATTACTTTTACTATTATCACTACCAGTTCTTGCAGGAGCAATTACCATATTATTAACTGACCGAAATATTAATACATCATTTTTTGACCCTGCAGGAGGGGGAGACCCAATTCTTTATCAACATTTATTT
GBMOR3105-19	Arthropoda	Orthoptera	Lentulidae	Lentula	Lentula	TATTTTATATTTCATCTTCGGGGCATGAGCAGGAATAGTAGGTACATCAATAAGAATAATTATTCGTGCTGAACTTGGACAACCAGGATCAATAATTGGAAACGATCAAATTTATAATGTTGTAATTACATCACATGCATTTGTAATAATTTTCTTTATAGTTATACCTATTATAATTGGAGGATTTGGTAATTGACTAGTACCATTAATAATCGGAGCTCCAGATATAGCGTTTCCACGAATAAATAACATAAGATTTTCATTATTACCCCCATCATTAACACTATTAATAATTTCATCTATTGTGGATAATGGAGTAGGTACAGGATGAACAGTTTATCCACCCCTTTCTAGAACTATTGCACATAGAGGAGAAGCAGTGGATTTAGCCATTTTTTCACTCCACTTAGCAGGAGTATCATCTATTTTAGGAGCAGTTAATTTTATTACAACATCAATTGTTATACGATCAGAAAGAATAAGTCTTGACCAAATCCCATTATTTGTATGATCAGTAGCAATTACTGCATTACTTTTACTATTATCATTACCAGTTCTTGCAGGAGCAATTACCATATTATTAACTGATCGAAATAATAATACATCATTTTTTGACCCTGCAGGAGGTGGAGACCCAATTCTTTATCAACATTTATTT
GBMOR3106-19	Arthropoda	Orthoptera	Lentulidae	Lentula	Lentula	AACTTTATACTTTATCTTCAGGGCATGAGCAGGAATAGTGGGTAAATCAATAAGAATAATTGTCCATACTGGATTTGGACAACCAGGGTCACTGATTGGGAAGGCCCAAATTTACAATGTTTTAATTACATCCCATGCATTTGTAGTAATTTTCTTTATAGTTATACCTATTATAATTGGGGGATTTGGTAATTTACTAGTACCATTAATAATCGGAGCCCCAGATATAGCATTCCCATGAATAAATAATATAAGATTTTGATTATTACCCCCCCCCCCCTCATTAACACTATTAATAATCTCATCCATAGTAGATAATAGAATACGCACAGGGTGGACAGTTTATCCCCCTTACATCTAGAATTATCACCCATAGAGGAGGATTAGTAGAACTAGCTATCTTCTCACTCCATTTAGCAAGGGTGTCTTCAATTTTAGGAGCAGTAAATTTTATTACAACATCAATCAATATACGATCAGAAAGTATAACTCTTGACCAGACTACATTATTTGTTTGATCGGTAGCAATTACTGCATTACTTTTACTTTCATCATTACCAGTACTAGCAGGAGCTATAACTATACTATTAACCGACCGAAATATTAATACGTCCTTTTTTGATCCTGCAAAAGGAAGACACCCAACTCTTTATCAACATTTAATG
GBMNA10892-19	Arthropoda	Orthoptera	Lentulidae	Lentula	Lentula callani	CAAAAATGATTATTCTCAACAAATCATAAGGATATTGGTATTTTATATTTCATCTTCGGGGCATGAGCAGGAATAGTAGGTACATCAATAAGAATAATTATTCGTGCTGAACTTGGACAACCAGGATCAATAATTGGAAACGATCAAATTTATAATGTTGTAATTACATCACATGCATTTGTAATAATTTTCTTTATAGTTATACCTATTATAATTGGAGGATTTGGTAATTGACTAGTACCATTAATAATTGGAGCTCCAGATATAGCATTTCCACGAATAAATAACATGAGATTTTGATTATTACCACCATCATTAACACTATTAATAATTTCATCTATTGTGGATAATGGAGTAGGTACAGGATGAACAGTTTATCCACCTCTTTCCAGAACTATTGCTCATAGAGGTGGAGCAGTAGATTTAGCTATTTTTTCACTTCACTTAGCAGGAGTATCATCTATTTTAGGAGCAGTTAATTTTATTACAACATCAATTAATATACGATCAGAAAGAATAAGTCTTGACCAAACCCCACTATTTGTATGATCAGTAGCAATTACTGCATTACTTTTACTATTATCACTACCAGTTCTTGCAGGAGCAATTACCATATTATTAACTGACCGAAATATTAATACATCATTTTTTGACCCTGCAGGAGGGGGAGACCCAATTCTTTATCAACATTTATTTTGATTCTTTGGACATCCAGAAGTTTATATTTTAATCTTACCTGGATTTGGTATTATTTCCCATATTGTATGTCAAGAAAGAGGAAAAATTGAATCATTTGGAACATTAGGAATAATCTATGCAATATTATCTATTGGACTAATAGGATTTATTGTATGAGCCCACCATATATTTACAGTAGGAATAGATGTAGATACACGAGCATACTTTACATCAGCAACTATAATTATTGCTGTACCAACAGGAATTAAGGTATTTAGATGAATAGCAACATTATATGGAACTAAATTTAAATTTAATCCACCTTTATTATGAGCATTAGGATTTATTTTCTTATTCACAATTGGTGGATTAACAGGATTAGTATTAGCAAATTCATCATTAGATATTGTACTACATGATACATATTATGTAGTTGCACATTTCCATTATGTTTTATCAATAGGAGCAGTATTTGCAATCATAGGAGGCTTAATTCAATGATATCCACTATTTACAGGTCTAACAATAAATAACACATGATTAAAAATTCAATTCACAACAATATTTGTAGGAGTAAATTTAACATTCTTTCCTCAACATTTCCTAGGATTAGCAGGTATACCACGACGATACTCAGATTACCCTGATGCATTTACATCTTGAAATGTAATTTCCAGAATTGGATCTATAATCTCAATTGTAGGAATTATAATATTTATTATTATTATATGAGAAAGAATAATTTCAAACCGATTATCTTTATTTAGAAATAATATATCAAGATCAACTGAATGATTACAAAATAACCCACCAGCAGAACATAGCTACTCAGAACTGCCATTAATTACTACAT
GBMOR1468-15	Arthropoda	Orthoptera	Lentulidae	Lentula	Lentula callani	TATTTTATATTTCATCTTCGGGGCATGAGCAGGAATAGTAGGTACATCAATAAGAATAATTATTCGTGCTGAACTTGGACAACCAGGATCAATAATTGGAAACGATCAAATTTATAATGTTGTAATTACATCACATGCATTTGTAATAATTTTCTTTATAGTTATACCTATTATAATTGGAGGATTTGGTAATTGACTAGTACCATTAATAATTGGAGCTCCAGATATAGCATTTCCACGAATAAATAACATGAGATTTTGATTATTACCACCATCATTAACACTATTAATAATTTCATCTATTGTGGATAATGGAGTAGGTACAGGATGAACAGTTTATCCACCTCTTTCCAGAACTATTGCTCATAGAGGTGGAGCAGTAGATTTAGCTATTTTTTCACTTCACTTAGCAGGAGTATCATCTATTTTAGGAGCAGTTAATTTTATTACAACATCAATTAATATACGATCAGAAAGAATAAGTCTTGACCAAACCCCACTATTTGTATGATCAGYAGCAATTACTGCATTACTTTTACTATTATCACTACCAGTTCTTGCAGGAGCAATTACCATATTATTAACTGACCGAAATATTAATACATCATTTTTTGACCCTGCAGGAGGGGGAGACCCAATTCTTTATCAACATTTA
GBMTG2752-16	Arthropoda	Orthoptera	Lentulidae	Lentula	Lentula callani	ATTTTACTAATGAATAAATCGTTTCGATTAAAACATCCTCTAATTAAAATTATTAACAATTCGTTAATTGACTTACCAGCACCTTCTAATATTTCGTTGTGATGAAATTATGGATCCCTATTAGGATTATGTTTAATAATTCAAATTATTACAGGACTATTTCTAGCTATACATTATACTCCAAATATTGAAATAGCTTTCAATAGTGTAATTCATATTTGCCGTGATGTAAATAATGGATGAATTATCCGAACTTTACATGCTAATGGAGCATCTATATTTTTTATTGCAATATATTTACATGTAGGACGAGGAATTTATTATGGATCATATATATACATCAACACTTGAATAATTGGAACAATTATTATATTTATAGTTATAGCAACAGCTTTTATAGGATATGTATTACCTTGAGGACAAATATCCTTTTGAGGAGCAACAGTAATTACAAACCTCTTATCAGCAATTCCTTATCTAGGATTAGATTTAGTTCAATGAGTTTGAGGAGGATTTGCTGTAGATAATGCCACTTTAAACCGATTTTTCTCATTTCATTTTGTATTACCATTTATTATTTCAGCAATGGTTATAATTCATTTACTATTTTTACATCAAACGGGATCTAATAATCCATTAGGATTAAATAGAAATATTGAAAAAATTCCATTCCACCCTTATTTTACATTTAAGGATTTAATTACATTTGTAATTATAACATCAGGATTAATTATATTATGTTTAATTAATCCTTATTTATTAGGAGATCCAGATAATTTTGTACCAGCTAATCCATTAGTTACTCCCATTCATATTCAACCAGAATGATATTTTCTATTTGCATACGCCATTTTACGATCAATTCCTAATAAATTAGGAGGAGTAATTGCATTATTTATATCTATTAGAATTTTAATAATCCTTCCATTTTATAAAAAATCATCATTCCGAGGTATTCAATTTTATCCAATCAATCAAATTTTATTTTGAATTATAGTAGTTGTAGTAATTTTATTAACATGAATTGGTAAACGACCAGTTGAAGAACCTTTCATTTTAACGGGACAAATTCTAACTTCAATTTACTTTACTTACTTCCTAATTAATCCTCATGTAAATAATTTATGGGATAATATTATTAAATAT
GBMTG2752-16	Arthropoda	Orthoptera	Lentulidae	Lentula	Lentula callani	ATGTTAACAACAAACTCAAATCACCCATTTCATATAGTAGATTTTAGACCATGACCACTAACAGGAGCAATTGGAGCAATAGTTCTAGTATCAGGACTAGCTAAATGATTTCATATATTTAATATAAATTTGATCATTATTGGAATAATAATTACATTATTAACAATAATACAATGATGACGTGATGTAATCCGTGAAGGAACTTATCAAGGATTACATACAAATTATGTTTCAATTAGACTTCGATGAGGAATAATTTTATTTATTACATCGGAAATTTTATTCTTTATATCATTCTTCTGAGCTTTCTTTAGAAGTAGATTATCACCAACTATTGAAATTGGAATATTATGACCACCACAAGGAATTAAACCTTTTAATCCAATACAAATCCCATTACTTAATACAGCAATTCTATTAGCATCAGGAGTAACAGTAACATGGGCTCATCATAGATTAATAGAAGCAAACCATAGACAAACTATAAAAAGTCTTACAATAACAGTAATTCTAGGATTATATTTTTCATTACTCCAAGCTTATGAATATTGAGAAGCACCATTTACCATTGCAGATGCAGTATATGGATCATCATTCTTTGTAGCAACAGGATTCCATGGTCTACATGTTATCATTGGAACAGTATTCTTAACAACTTGTTTAATACGACATGAAATAAAACAATTATCACCTAACCACCATTTTGGATTTGAAGCAGCAGCATGATATTGACACTTCGTAGATGTAGTATGATTATTCCTTTATATTTCAATTTATTGATGAGGTAGA
GBMTG2752-16	Arthropoda	Orthoptera	Lentulidae	Lentula	Lentula callani	TTGATAAAAATATTAATTTTTTCTATTTCTAATATCTTAAATATTAATTTTATAAAATTAAATCACCCAATATCTATAATAATATTTATTATTATACAAACAATAAGTGTTTGTATAATAACAGGTATAATAATAGAAAGATTTTGAATATCCTATATACTATTTTTAACATTCTTGGGTGGAATACTAGTATTATTTATTTATATTTCTAGAATTGCATCAAATGAAATATTTTACCTAAAATTAAAGTATTTCATTTGAAGAATAATTATTTTAACAGTAATAATATTAACATTTAATATTCTCAATAAATCCTTTTTAATAGAAATTATTGAGAATAGAGAATCCTTAATAATAAATTTAACAATTAATTATCAAGAAATATCTTTATCCTTAAATAAATTATATAATAATCCAACATTTATTATCACCATAATACTAATAGTTTATTTATTTTTAACTTTGATTGCTGTGGTTAAAATTACAAATATTAATCAAGGTCCTATTCGAAAAATAAAG
GBMTG2752-16	Arthropoda	Orthoptera	Lentulidae	Lentula	Lentula callani	ATGTTAAAGTATTTATTTGCATTATTTTTTATGATACCTCTTTGTTTTTTAAGAAATTCTTGGTGGGTTGTTCATTCATTTATGTTTATATTATGTTTTACTTTTATGTTTTGTATTTATTCATATTCTGATTTTAATTTAATAGGATATTTTTTTGGGTTAGATTATTTTTCTTTTAGTTTAATTTTATTAAGTTTTTGGATTTGTTCTTTAATAATTTTGGCTAGAGGTTCAATTTATTTTTATTCATATCATTCTGGTTTTTTTGTTTTTATTGTTATTTTTTTAATAATTATACTTTATTGTTCTTTTTCTAGATTAAGATTATTTTCATTTTATATTTTTTTTGAGTCAAGCTTAGTTCCAACTTTGTTTTTAATTTTAGGTTGGGGTTATCAGCCTGAACGCTTACAGGCTGGTATTTATTTAATTTTTTATACTTTATTTGCTAGTTTACCTTTACTTTTAATTTTATTTAAGCTTTATTTTATTGTTAATACTTTATATTTTCCTTTAATTTCAGATTTAGGTTCTTTTTATTTTTTATTTTATGTTTTTATAATTATGGCCTTTTTAGTTAAGATGCCAATATTTATTGTTCATTTATGATTACCTAGGGCACATGTTGAAGCTCCAATTTCTGGTAGAATAATTCTGGCTGGTGTTTTATTAAAGTTAGGTGGATATGGAATATTTCGTGTAATGAAAATTATTTCTTATTTGGGCTTGAAGTTTAATTATTTTTTAATTTCTTTAAGATTGTTTGGTGGTGTACTTATTAGTTTTATATGTATTCGTCAGGTAGATTTAAAATCTTTAATTGCTTATTCTTCTGTTGCTCATATAAGAATGGTGATTGGTGGTTTATTAACAATAAATTGATGGGGTTATTTAGGATCTTTAATTATTATGGTTGGTCATGGCTTATGTTCTTCTGGTTTATTTTGTTTATCTAATATTATTTATGAGCGGCTTGGTAGACGAAGTTTATTAATTAATAAAGGTATAATTAATTTGATGCCTGGTATATCCTTTTGGTGATTTCTCTTAAGTTCTTCTAATATGGCTGCTCCTCCCTCATTAAATTTATTTGGTGAATTATCTTTAATTAATAGATTGATATCTTGGTCTATTAGTATATTTATGGTCTTGATTTTTCTTTGTTTTTTTAGTGCTGTTTATACTTTATATATATATTCTTATTCTCAGCATGGTATGTATTATTCTGGTTCTTATAGATTTTCATTATGTTATGTTCGTGAATATCATCTTTTATTTTTGCATTGATTGCCTTTAAATATTATTTGTTTAATAATTTCATATTTTTTTATG
GBMTG2752-16	Arthropoda	Orthoptera	Lentulidae	Lentula	Lentula callani	CAAAAATGATTATTCTCAACAAATCATAAGGATATTGGTATTTTATATTTCATCTTCGGGGCATGAGCAGGAATAGTAGGTACATCAATAAGAATAATTATTCGTGCTGAACTTGGACAACCAGGATCAATAATTGGAAACGATCAAATTTATAATGTTGTAATTACATCACATGCATTTGTAATAATTTTCTTTATAGTTATACCTATTATAATTGGAGGATTTGGTAATTGACTAGTACCATTAATAATTGGAGCTCCAGATATAGCATTTCCACGAATAAATAACATGAGATTTTGATTATTACCACCATCATTAACACTATTAATAATTTCATCTATTGTGGATAATGGAGTAGGTACAGGATGAACAGTTTATCCACCTCTTTCCAGAACTATTGCTCATAGAGGTGGAGCAGTAGATTTAGCTATTTTTTCACTTCACTTAGCAGGAGTATCATCTATTTTAGGAGCAGTTAATTTTATTACAACATCAATTAATATACGATCAGAAAGAATAAGTCTTGACCAAACCCCACTATTTGTATGATCAGTAGCAATTACTGCATTACTTTTACTATTATCACTACCAGTTCTTGCAGGAGCAATTACCATATTATTAACTGACCGAAATATTAATACATCATTTTTTGACCCTGCAGGAGGGGGAGACCCAATTCTTTATCAACATTTATTTTGATTCTTTGGACATCCAGAAGTTTATATTTTAATCTTACCTGGATTTGGTATTATTTCCCATATTGTATGTCAAGAAAGAGGAAAAATTGAATCATTTGGAACATTAGGAATAATCTATGCAATATTATCTATTGGACTAATAGGATTTATTGTATGAGCCCACCATATATTTACAGTAGGAATAGATGTAGATACACGAGCATACTTTACATCAGCAACTATAATTATTGCTGTACCAACAGGAATTAAGGTATTTAGATGAATAGCAACATTATATGGAACTAAATTTAAATTTAATCCACCTTTATTATGAGCATTAGGATTTATTTTCTTATTCACAATTGGTGGATTAACAGGATTAGTATTAGCAAATTCATCATTAGATATTGTACTACATGATACATATTATGTAGTTGCACATTTCCATTATGTTTTATCAATAGGAGCAGTATTTGCAATCATAGGAGGCTTAATTCAATGATATCCACTATTTACAGGTCTAACAATAAATAACACATGATTAAAAATTCAATTCACAACAATATTTGTAGGAGTAAATTTAACATTCTTTCCTCAACATTTCCTAGGATTAGCAGGTATACCACGACGATACTCAGATTACCCTGATGCATTTACATCTTGAAATGTAATTTCCAGAATTGGATCTATAATCTCAATTGTAGGAATTATAATATTTATTATTATTATATGAGAAAGAATAATTTCAAACCGATTATCTTTATTTAGAAATAATATATCAAGATCAACTGAATGATTACAAAATAACCCACCAGCAGAACATAGCTACTCAGAACTGCCATTAATTACTA
GBMTG2752-16	Arthropoda	Orthoptera	Lentulidae	Lentula	Lentula callani	ATGTTTATATTTTCTATTTTTACTAGTTTATTAATCTATTTCGTTGGAGTTTTTGTTTTTTCTTCTAAACGGAAGCATTTATTGATGGTATTAATGAGATTGGAGTATATAGTTCTTTCTTTATTTATTATAATTATTATTTATCTTTCTGGTTATGGTGGTGATTATTATTTTCCTATAATTTTTTTGGTTTTTTCTGTTTGTGAAGGTGCTTTGGGACTTTCTATTTTGGTTTCTATAATTCGTTGTTATGGTAATGATTTTTTCGGGTCATTTGGTTTGGTTTTATGT
GBMTG2752-16	Arthropoda	Orthoptera	Lentulidae	Lentula	Lentula callani	ATGACTAAAAACTTAATAAAACTTCTTTTCCTATCAACAATGTTGGTGGGAACAATCCTATCATTCTCCTCAAATTCATGATTTGGGGTATGAATAGGATTGGAAATTAATTTATTATCATTCATTCCATTATTAACTAATAATAAAAGAATGATAATAAATGAATCATCAATTAAATATTTTATTGTTCAAGCTCTAGCATCGACAATATTATTATTTTCAATTTTGATGATTCAAATAAATCACCCAATTGGGTGAGAAAGGGATATTATTGCCTCCACAATAATTACCTCAAGATTAATATTAAAAATTGGAGCTGCTCCATTTCACTTTTGATTTCCTGAAGTTATAATAATATCAAGATGAACTAACTGCTTTATTTTAATAACAATACAAAAAATTGCTCCTATAGCAGTGATATCTTATTGCATTCACATAAATATCTTCACAATAACAATTATTATTTTAAGTATTTGTGTTGGTGCAGTAGGAGGTATTAATCAAACTTCATTATATCAAATTCTTGCATATTCTTCAATTAGACATTTAGGGTGAATAATTAGATCAATATTAATTAGAGAAAATATATGAGAAATATACTTCATAATTTATTCAATCCTAAGAGCAATTATAATTATAATCTTCAACAAAACAAAATCATCATTTGTAACTCAATTGTTCTTATCAAATAATATTAAAATTGAAATCAAATTTATATCATTTATTACACTATTATCATTAGGAGGTATTCCCCCATTCATTGGATTTCTACCCAAATGAATAGTAATACAAACCATAATTGAAAATAAATTATCATCAATTATAACAATTATGGTTATAACAACCTTAATTACCCTTTACTATTATATACGAATTGGATTTTCAGCCCTAATCATTAATTATACAGAAATAACATGAACAATAAACAAAATCAAGGTAAAACAAAATTTACTATTCATAATTATGGTAATAACTTCAATAATAGGTTTAATTTTCACATCAATCTTAATCTTAAAT
GBMTG2752-16	Arthropoda	Orthoptera	Lentulidae	Lentula	Lentula callani	TTGATATTTTATGATTTATTAATATTTTTTATTAATTTTCTAATTTTAATTATTTGTGTTTTGTTAAGTGTAGCTTTTTTAACTTTATTTGAGCGTAGGGTTTTAGGTTATATTCAGATTCGTAAAGGTCCAAATAAGGTAGGGATAATAGGTTTACCCCAACCTTTTAGTGATGCTATTAAATTAATTTGTAAAGAACAACCTATACCTTATATATCTAATTATTTAATTTATTATTTTTCTCCTGTTTTTAGTTTAATAATTTCTTTACTTACATGAATTGTTTTTCCTTATATAACTTATATGTGTTCTTTTTCTTTTGGTTTTTTATTTTTTCTTTGCTGTACTAGATTAAGTGTTTATACTATAATGATTGCAGGTTGATCATCAAATTCAAATTATTCTTTATTAGGTTCATTACGTTCTGTTGCTCAAACGATTTCATATGAGGTAAGTCTAGCTTTGATTTTATTTTCTTTAATTTTTTTGGTTGGTAGATTTAATTTTTTTGATTTTATAATTTATCAGTTTTATTGTTGGTTTTATTTAATTTCTTTTCCTTTATTTTTATCGTGTTTTTCATCTTGTTTAGCAGAAACTAATCGTACACCTTTTGATTTTGCTGAGGGTGAGTCTGAATTAGTTTCTGGGTTTAATATTGAATATGGTGCTGGTGGATTTACTTTAATTTTTTTATCTGAATATACAAGAATTATTTTTATAAGTATATTTATAGTTTTAATTTTTTTGGGTGGTAATTTTTATTCTTTTGTTTTTTATATTAAATTGGCTCTTTTTTCATTTATTTTTATTTGGGTTCGTGGAACACTACCTCGTTTTCGTTATGATAAACTTATATATTTAGCTTGAAAGAGTTATTTACCTTTATCATTGAACTTTTTATTTTTTTTTGTAGGTTTTAAGATTTTAATATTAATATTATTT
GBMTG2752-16	Arthropoda	Orthoptera	Lentulidae	Lentula	Lentula callani	ATTATAAACCTAATTACAAGATTCTTAATTACAATTACTCTACCAATATTAATTATATTAATTGCATTAACATTATCAAAAAAAATAATTAATGATCGAGAAAAAAGTTCACCATTTGAATGTGGATTTGATCCAAAAAGTTCAGCACGAATACCATTCTCAATTCGATTTTTCCTAATTGCCGTAATTTTTCTAATTTTTGATGTAGAAATTGTATTAATTATACCAACCATTATTATTATAAAATCTTCAAATTTAATAGTATGAATAATATCAATCTCATTCTTTATTATAATTCTTATTCTAGGATTATATCATGAATGAAACCAAGGTGCACTTCAATGGGAAAAC
GBMTG2752-16	Arthropoda	Orthoptera	Lentulidae	Lentula	Lentula callani	ATGGCAACATGATCAAACATTTCCCTTCAAGATAGAGCTTCACCTTTAATAGAACAACTTTCATTTTTCCATGATCATACAATAACAATTTTAATTATAATTACAATTATTGTAGGATATACGTTAAATTACATATTAACAATCAACTACTCAAGACGAAACATACTTCATGGACATTTAATCGAAACAATCTGAACAATACTACCAGCAATTACATTAATTTTTATTGCAATACCATCATTACGACTTTTATATTTATTAGATGATTCAACTAATACAATAATTACAATTAAAACAATTGGACGACAATGATATTGAAGATATGAATATTCAGACTTCATTGATATTGAATTTAATACTTATATAACATCTGAAAGAAATATACAAAATAATTGATTCCGACTATTAGACGTTGATAATCGGACTATTTTACCCATAAATACAGAAATTCGTGTATTAACAAGAGCATCCGATGTATTACATTCATGAACAATCCCAGCATTAGGAATTAAAATTGATGCAATACCTGGTCGATTAAATCAAGGAACATTCACAATTAATCGACCAGGACTATATTTTGGTCAATGCTCTGAAATCTGTGGTGCAAATCATAGATTTATACCAATTGTAATTGAAAGAACGTCACCAAATTTATTTATTAAATGATTATCAAAAATAATT
GBMTG2752-16	Arthropoda	Orthoptera	Lentulidae	Lentula	Lentula callani	ATGTTTTACTTTTCTATTTGTTCATTAAGATTTTTTTCTCTTTTTTTAATTAGAAGATTATTTTTTATTTTGGGTATTAATTTTCTTATTTTTGATTATAGAATTTTTGTTGAGTGAGAATTATTTAGATTAAATGGTTCTTTAGTTGTTATAACTTTATTATTTGATTGAATGTCTTTAATTTTTCTTTCTTTTGTTATTTATATTTCTTCTTTAGTTATTTATTATAGTGAGGATTATATATTAGGTGAGAAGAATATTAATCGTTTTATTCTTATTTTATTATTATTTATTTTGTCTATGTTTTTTTTAATTATTAGTCCTAATTTAATTAGAATTCTTTTAGGTTGGGACGGTTTAGGTTTAGTGTCTTATTGTTTAGTAATTTATTATCAAAATGTAAGTTCTTATAATGCCGGAATATTAACTGCTTTATCTAATCGTGTTGGTGATGTTTCTATTTTAATTTCAATTTCTTGAATATTAAATTTTGGTAGTTGAAATTATATTTTTTATTATGATTTTATTTCTGATAATAATGAGATAAGGATTATTACTCTATTAATTATTTTGGCTGCTATAACTAGGAGTGCTCAAATTCCATTTTCTTCTTGATTGCCAGCAGCTATGGCTGCTCCAACTCCTGTTTCTGCTCTGGTACATTCTTCAACTCTTGTAACTGCTGGTATTTATTTATTGATCCGTTTTAGCCCTATATTAAGTTTTTTTAATTTAGGTTGGGGTTTACTTTTTTTTGGTTGTATTACTATATTTATGTCAGGTTTAGGTGCTAATTTTGAGTTTGACTTAAAGAAGATTATTGCTTTATCTACTTTAAGTCAGTTAGGTTTAATAATAGGTGTTTTGGCAATAGGTTATTCAGATCTTGCTTTTTTTCATTTATTRACACACGCTTTATTTAAGGCTTTATTATTTATATGTGCAGGTTCAATAATTCATAATTTAAAAGGTATTCAAGATATTCGATTTATAGGTGGTATTGTTAATTCTATACCTTTAACGTCTATTTGTTTTAATGTTTCTAGTCTTTCTTTATGTGGTATTCCTTTTTTAACTGGTTTTTATTCAAAGGATTTAATTCTTGAGTTAACTTGTTTAAGTTATATAAATTATTTTATTTTTTTACTTTATTTTATTTCTACGGGTTTAACTGCTTCTTACTCATTTCGTTTATTTTATTATTCTATATCTGGTGATAATAATTTTAGTGTTGTTTCTTCATATAATGATAGTGGTTATTATATCTCTTTTGGAATGTTTTTATTACTTATTGTTGTTGTTTTTGGTGGTAGTTTTTTATCTTGATTGATTTTTCCTATACCTTATATAATTTCTTTACCTTTTTATTTAAAGCTTTTAACTATTTTTGTGGTTTGTTTAGGTTCTTATTTAGGTTATTTAATTTCAAAACTAAGTATCTCTTATAATTTATTTTCATTTAATTATAGTAATTTAGTTAGTTTTATTGGTTCTATATGATTTATACCTTTTTTAACAACCAAAATCATTAGATATTTGCCTTTAAAGATTGGTTATATTTCTTTTAAGTATTTTGATTTTGGTTGAGGAGAATTTTTTGGTGGTCAGGGTTTTTATTCCTTTTTTGTTTATTTAATTAATTATTTATGTAGATGATATGATTTAAATTTTAGGAGTTATCTTTTAATTTTTGTTTTTTGAATATTTGTTCTTATTATTTTTCTT
